Language, Ratio
Ruby-BitVector, 0.857482746078257
Go-BitVector, 39.9451450888002
Python_DEAP-List, 0.387513379778064
C-BitString, 1685.88580606191
node-BitString, 0.729079112825035
Java-BitSet, 1436.29510060067
Kotlin-BitVector, 8.14614228280055
clojure-BitVector, 0.0151779518702735
Octave-BitVector, 0.244095919378613
Scala-BitVector, 121.809031720981
JRuby-BitVector, 1.84281089132616
Python_DEAP_numpy-BitVector, 2.17296799204024
perlsimple-BitString, 3.54412278884144
Dart-BitVector, 0.663570245436034
C++-BitString, 42.5736102542659
perl-BitString, 0.0196283363237007
lua-BitString, 2.95777140338555
Pascal-BitVector, 16.4092885123359
perl-BitVector, 0.0180744239374816
python-BitString, 0.188258571096439
CSharp-BitVector, 857.678126552198
PHP-BitString, 67.196404938058
Haskell-BitVector, 27.775215175758
clisp-BitVector, 0.27068107883252
julia-BitString, 1
Scala-BitString, 0.0896012709327777
Octave-BitVector, 0.010923639646962
Kotlin-BitVector, 7.76460945459605
clojure-BitVector, 0.0267335839876198
Scala-BitVector, 13.3086710229935
JRuby-BitVector, 1.24692499577416
Python_DEAP_numpy-BitVector, 0.439513736986736
Dart-BitVector, 0.9419535310728
C++-BitString, 1.92035377881924
perlsimple-BitString, 0.247478237138523
lua-BitString, 0.621616379851981
perl-BitString, 0.0283256266009975
Ruby-BitVector, 0.755776793807773
Go-BitVector, 7.4417351049687
Python_DEAP-List, 0.290586194718001
node-BitString, 0.27911151396091
C-BitString, 69.9697619807111
Java-BitSet, 54.0772525454629
Haskell-BitVector, 1.28837221572716
clisp-BitVector, 0.404222902045192
julia-BitString, 1
Scala-BitString, 0.123232990393717
Pascal-BitVector, 6.7101001739502
perl-BitVector, 0.0201275611607766
python-BitString, 0.18931180610783
CSharp-BitVector, 38.735208531722
PHP-BitString, 2.96698222606422
clisp-BitVector, 0.345818777069966
Haskell-BitVector, 4.4046153839741
julia-BitString, 1
Scala-BitString, 0.109607466727532
Pascal-BitVector, 11.4638924598694
perl-BitVector, 0.0213545781958461
python-BitString, 0.221713001583363
CSharp-BitVector, 131.285987859246
PHP-BitString, 10.0896109618936
clojure-BitVector, 0.0203544402132325
Kotlin-BitVector, 8.2470047566538
Octave-BitVector, 0.0366884710578546
Scala-BitVector, 16.2400945117052
JRuby-BitVector, 2.40212192918317
Python_DEAP_numpy-BitVector, 1.12742594164841
perlsimple-BitString, 0.752409054712897
Dart-BitVector, 0.825390682578678
C++-BitString, 6.60514661204735
lua-BitString, 1.42431603362896
perl-BitString, 0.0274799548577326
Ruby-BitVector, 1.02113428969752
Python_DEAP-List, 0.415761379593243
Go-BitVector, 17.7750364758665
C-BitString, 245.742603641359
node-BitString, 0.715758876583265
Java-BitSet, 237.538733740688
PHP-BitString, 5.34983583338708
python-BitString, 0.20500902482817
CSharp-BitVector, 68.8725799701996
perl-BitVector, 0.020797666134376
Pascal-BitVector, 5.94370365142822
Scala-BitString, 0.111034086221387
julia-BitString, 1
clisp-BitVector, 0.360224463722923
Haskell-BitVector, 2.24638257357732
C-BitString, 127.821583901682
node-BitString, 0.456076302287223
Java-BitSet, 120.332137539126
Ruby-BitVector, 0.908862273538632
Go-BitVector, 11.1724078358278
Python_DEAP-List, 0.351866045745354
perl-BitString, 0.0274177824598087
lua-BitString, 0.916029567688963
Python_DEAP_numpy-BitVector, 0.708680535522621
C++-BitString, 3.41582348290464
Dart-BitVector, 0.856466130353644
perlsimple-BitString, 0.401833738506247
Scala-BitVector, 24.5512173943483
JRuby-BitVector, 1.58490640864242
clojure-BitVector, 0.0244813916347981
Kotlin-BitVector, 5.23021981563543
Octave-BitVector, 0.0188853547207344
Go-BitVector, 6.44524642823204
Python_DEAP-List, 0.249895362424757
Ruby-BitVector, 0.607421145440935
Java-BitSet, 32.2398544401406
C-BitString, 44.9896843965389
node-BitString, 0.189666916287334
Octave-BitVector, 0.0069624078853519
Kotlin-BitVector, 10.1473767923278
clojure-BitVector, 0.03263593950584
JRuby-BitVector, 1.06380584402949
Scala-BitVector, 8.89330094631421
perlsimple-BitString, 0.16020340674307
Dart-BitVector, 1.14710956132885
C++-BitString, 1.25388732281037
Python_DEAP_numpy-BitVector, 0.301338304866038
perl-BitString, 0.031488569758438
lua-BitString, 0.408111764446492
Pascal-BitVector, 4.35500144958496
perl-BitVector, 0.0204851688348245
CSharp-BitVector, 23.4720354079172
python-BitString, 0.182444353426013
PHP-BitString, 1.93272669558774
clisp-BitVector, 0.512353111715878
Haskell-BitVector, 0.817917447569718
julia-BitString, 1
Scala-BitString, 0.151439686005406
perl-BitVector, 0.019451815020439
Pascal-BitVector, 20.0241982936859
PHP-BitString, 35.2507581083495
CSharp-BitVector, 467.200146842882
python-BitString, 0.202671405069426
julia-BitString, 1
Haskell-BitVector, 15.0778948787214
clisp-BitVector, 0.302594609651468
Scala-BitString, 0.0975238319114615
Python_DEAP-List, 0.39717293371183
Go-BitVector, 34.2804972432171
Ruby-BitVector, 0.99493199453564
Java-BitSet, 638.972443108384
node-BitString, 0.807819464654193
C-BitString, 861.255840588641
JRuby-BitVector, 1.83580510454983
Scala-BitVector, 75.9863351696424
clojure-BitVector, 0.0169246925989843
Kotlin-BitVector, 8.52021031983913
Octave-BitVector, 0.13142667841089
perl-BitString, 0.0228960275701916
lua-BitString, 2.55815298350528
Dart-BitVector, 0.723015965434153
C++-BitString, 23.0913002492991
perlsimple-BitString, 2.28698346438312
Python_DEAP_numpy-BitVector, 1.92471892631332
Scala-BitVector, 282.022284632969
JRuby-BitVector, 1.80698910003421
clojure-BitVector, 0.0149117163988734
Octave-BitVector, 0.491114511004007
perl-BitString, 0.0194983524099143
lua-BitString, 2.97129195530007
Python_DEAP_numpy-BitVector, 2.17463951590051
C++-BitString, 85.3444443732756
perlsimple-BitString, 5.33578598361086
Ruby-BitVector, 0.814607387864748
Go-BitVector, 46.3681078075591
Python_DEAP-List, 0.38707936150972
C-BitString, 3182.18067161038
node-BitString, 0.780684908446878
Java-BitSet, 2990.95750995371
julia-BitString, 1
Haskell-BitVector, 56.9790165020339
clisp-BitVector, 0.273359132583271
Scala-BitString, 0.0905004406266234
perl-BitVector, 0.0185062289694046
PHP-BitString, 137.798621222146
python-BitString, 0.187308733645807
CSharp-BitVector, 1714.35542110471
python-BitString, 0.219283306270036
CSharp-BitVector, 246.24496361534
PHP-BitString, 19.0106963109285
Pascal-BitVector, 21.5685963630676
perl-BitVector, 0.0205612905161645
Scala-BitString, 0.105232672046972
clisp-BitVector, 0.325809612735161
Haskell-BitVector, 8.09662388342942
julia-BitString, 1
node-BitString, 0.836150753737589
C-BitString, 487.425906510003
Java-BitSet, 439.968919957319
Ruby-BitVector, 1.04536332452462
Python_DEAP-List, 0.406575689132537
Go-BitVector, 26.3878616783156
Python_DEAP_numpy-BitVector, 1.69089205754798
Dart-BitVector, 0.780318781620167
perlsimple-BitString, 1.33853783697991
C++-BitString, 12.4350512326709
lua-BitString, 2.03016706087298
perl-BitString, 0.0261239939283107
clojure-BitVector, 0.0186070129996756
Kotlin-BitVector, 9.13209839304308
Octave-BitVector, 0.0706104464529368
Scala-BitVector, 40.7753421926399
JRuby-BitVector, 2.3887695674607
Haskell-BitVector, 0.37205697410182
clisp-BitVector, 1.80545720187101
julia-BitString, 1
Scala-BitString, 0.318228589421823
Pascal-BitVector, 1.98600292205811
perl-BitVector, 0.0178518400317315
python-BitString, 0.159885594382123
CSharp-BitVector, 11.3928575152484
PHP-BitString, 0.892024158831471
Kotlin-BitVector, 7.5856561871634
Octave-BitVector, 0.00332503068375674
clojure-BitVector, 0.157529362768339
Scala-BitVector, 3.35322911108172
JRuby-BitVector, 0.250763890845266
Python_DEAP_numpy-BitVector, 0.146849174588927
C++-BitString, 0.571429412187629
Dart-BitVector, 2.60732955501918
perlsimple-BitString, 0.0746634481250745
perl-BitString, 0.0367341590564201
lua-BitString, 0.272652789958554
Ruby-BitVector, 0.470349476028401
Go-BitVector, 2.99866996055548
Python_DEAP-List, 0.159286733508562
node-BitString, 0.0925777286690939
C-BitString, 6.96110382775361
Java-BitSet, 13.8435425619167
Dart-BitVector, 1.61078052765499
C++-BitString, 1.00109170410803
perlsimple-BitString, 0.127449965731114
Python_DEAP_numpy-BitVector, 0.246651339593181
lua-BitString, 0.370063634772443
perl-BitString, 0.0386978553762658
clojure-BitVector, 0.0565512149602483
Kotlin-BitVector, 10.8311892532898
Octave-BitVector, 0.00577347113581308
JRuby-BitVector, 0.652368984644581
Scala-BitVector, 7.44669051756638
Java-BitSet, 25.5356868518581
node-BitString, 0.159152580799007
C-BitString, 20.9848637601016
Python_DEAP-List, 0.2357338344496
Go-BitVector, 5.27562988492089
Ruby-BitVector, 0.626823625740509
Scala-BitString, 0.226465292693415
Haskell-BitVector, 0.663143306007214
clisp-BitVector, 0.790270892056552
julia-BitString, 1
CSharp-BitVector, 15.8327653449086
python-BitString, 0.18567304365499
PHP-BitString, 1.55210982812752
Pascal-BitVector, 3.47719192504883
perl-BitVector, 0.0225550169010509
Scala-BitString, 0.36968212056597
julia-BitString, 1
Haskell-BitVector, 0.603398066377395
clisp-BitVector, 1.48054686459628
PHP-BitString, 1.5050400449473
python-BitString, 0.220255411515307
CSharp-BitVector, 17.2924352416215
perl-BitVector, 0.0257426175544048
Pascal-BitVector, 3.25720310211182
perl-BitString, 0.0492522368089779
lua-BitString, 0.40310422906474
Python_DEAP_numpy-BitVector, 0.239171367466191
perlsimple-BitString, 0.122864178936419
Dart-BitVector, 2.53972951431721
C++-BitString, 0.934366925448025
Scala-BitVector, 3.45302739331115
JRuby-BitVector, 1.02527938368031
clojure-BitVector, 0.103764075597206
Kotlin-BitVector, 11.4779648871298
Octave-BitVector, 0.00546409923492588
node-BitString, 0.151160982116442
C-BitString, 11.301884462567
Java-BitSet, 22.4628964785851
Ruby-BitVector, 0.735269787707375
Python_DEAP-List, 0.248871331696591
Go-BitVector, 4.65010611932913
julia-BitString, 1
clisp-BitVector, 2.87000338236491
Haskell-BitVector, 0.293236501161185
Scala-BitString, 0.248753141431963
perl-BitVector, 0.0163928064929426
Pascal-BitVector, 1.72200202941895
PHP-BitString, 0.784826357195622
CSharp-BitVector, 9.05983074351
python-BitString, 0.151211980103525
JRuby-BitVector, 0.136395366312309
Scala-BitVector, 1.04180414457208
clojure-BitVector, 0.190532971035531
Kotlin-BitVector, 2.57907009119285
Octave-BitVector, 0.00289430006665781
perl-BitString, 0.0356905666631213
lua-BitString, 0.244797286110961
Dart-BitVector, 1.30732009521633
perlsimple-BitString, 0.0629817173806273
C++-BitString, 0.432446516679795
Python_DEAP_numpy-BitVector, 0.127137564559445
Go-BitVector, 2.39967941521881
Python_DEAP-List, 0.143625841729759
Ruby-BitVector, 0.441386590352573
Java-BitSet, 2.70538902712934
node-BitString, 0.0816512045413296
C-BitString, 5.98332880270655
Python_DEAP_numpy-BitVector, 0.153336693838522
perlsimple-BitString, 198.074645895394
Dart-BitVector, 3.58657818302176
C++-BitString, 0.299573909938808
perl-BitString, 0.159869305599947
lua-BitString, 0.0462689318704173
Kotlin-BitVector, 2.62650635933918
perl5.20-BitString, 0.785168253417908
clojure-BitVector, 87018.9181738071
Octave-BitVector, 94.3337649117675
Scala-BitVector, 6807.68761764068
JRuby-BitVector, 4.7016491238461
C-BitString, 7.79499674078201
node-BitString, 3.86426091882119
Java-BitSet, 1058175704.41808
Ruby-BitVector, 3.10649560190549
Go-BitVector, 1.11484751161813
Python_DEAP-List, 0.401136419605546
Scala-BitString, 1.27112608139414
Haskell-BitVector, 272.483501462851
clisp-BitVector, 0.101180643171539
julia-BitString, 1
python-BitString, 10.5214328138133
CSharp-BitVector, 12.4022074296082
PHP-BitString, 0.224958451613552
perl5.22-BitString, 0.796624697301324
clojure-persistentvector, 89509.9966214411
Python-BitString, 0.0763518578417149
Pascal-BitVector, 3.93786760231921
perl-BitVector, 1.01014703340744
Scala-BitString, 2.30518884142881
Haskell-BitVector, 1676.6409676133
clisp-BitVector, 4.1633109639847
julia-BitString, 1
python-BitString, 13.2259213519843
CSharp-BitVector, 86.0913299746894
Rust-BitVector, 2.69085135373374
PHP-BitString, 0.403351730273978
perl5.22-BitString, 1.38666525831007
clojure-persistentvector, 4517.17941805891
Python-BitString, 0.152211024888323
Pascal-BitVector, 6.79404079050258
perl-BitVector, 1.40617506320793
Python_DEAP_numpy-BitVector, 0.271342003178434
Dart-BitVector, 6.51932222108202
C++-BitString, 0.542817128957666
perlsimple-BitString, 17.2896121378584
lua-BitString, 0.271021797103939
perl-BitString, 0.243862997820203
Octave-BitVector, 18.3554421403973
perl5.20-BitString, 1.4051752765521
Kotlin-BitVector, 4.81255843419632
clojure-BitVector, 5161.57632824222
Scala-BitVector, 929.785837811329
JRuby-BitVector, 12.2829957965581
node-BitString, 6.99735135938052
C-BitString, 14.0292506844115
Java-BitSet, 8467.36364915736
Ruby-BitVector, 5.65200613032415
Go-BitVector, 1.95252133483848
Python_DEAP-List, 0.700259742431327
perl-BitVector, 1.28280208233023
Python-BitString, 0.111290364091442
Pascal-BitVector, 5.12010040779539
PHP-BitString, 0.298796915095506
clojure-persistentvector, 15497.6832887031
perl5.22-BitString, 1.05282916658822
python-BitString, 13.3186381628531
Rust-BitVector, 2.00815830637564
CSharp-BitVector, 61.0035216342359
julia-BitString, 1
clisp-BitVector, 0.878496625651844
Haskell-BitVector, 1401.55389202906
Scala-BitString, 1.65423272329024
Ruby-BitVector, 4.13127781805355
Python_DEAP-List, 0.547459313481231
Go-BitVector, 1.4362556214454
C-BitString, 10.3603266852235
node-BitString, 5.17499836604743
Java-BitSet, 24867.1970551842
Scala-BitVector, 975.567246788684
JRuby-BitVector, 7.59637982051164
perl5.20-BitString, 1.05473288368764
clojure-BitVector, 13000.7354085537
Kotlin-BitVector, 3.51957741800985
Octave-BitVector, 44.8602057734286
lua-BitString, 0.156884289728071
perl-BitString, 0.205988623960664
Python_DEAP_numpy-BitVector, 0.203069665485522
perlsimple-BitString, 45.1983594945265
Dart-BitVector, 4.79333401672233
C++-BitString, 0.399111836431617
C-BitString, 11.552631157748
node-BitString, 5.73690964950845
Java-BitSet, 13603.084922312
Ruby-BitVector, 4.55260239820767
Go-BitVector, 1.62873392529434
Python_DEAP-List, 0.597640253280975
Python_DEAP_numpy-BitVector, 0.227231733170409
C++-BitString, 0.445046013920712
Dart-BitVector, 5.35140599090271
perlsimple-BitString, 26.0586657654557
perl-BitString, 0.219538390801031
lua-BitString, 0.208980788605834
perl5.20-BitString, 1.16394676292137
clojure-BitVector, 7490.48644985134
Kotlin-BitVector, 3.93700243481577
Octave-BitVector, 28.1433323892325
Scala-BitVector, 1592.13104054581
JRuby-BitVector, 9.99322656935791
python-BitString, 13.2947066036772
CSharp-BitVector, 68.8594865332426
Rust-BitVector, 2.24263418669346
PHP-BitString, 0.332557730613072
perl5.22-BitString, 1.1745076325963
clojure-persistentvector, 6754.68188019565
Python-BitString, 0.125591651914956
Pascal-BitVector, 5.62694090126205
perl-BitVector, 1.34871559693293
Scala-BitString, 1.93134806015733
clisp-BitVector, 1.93448156454931
Haskell-BitVector, 1849.54631351464
julia-BitString, 1
julia-BitString, 1
clisp-BitVector, 9.05998276169823
Haskell-BitVector, 1521.5569135675
Scala-BitString, 2.97172958099375
perl-BitVector, 1.49584202922867
Python-BitString, 0.202796215794731
Pascal-BitVector, 9.35309985104729
PHP-BitString, 0.548079719652491
clojure-persistentvector, 3134.24075228
perl5.22-BitString, 1.80593970839457
python-BitString, 13.3222202877889
CSharp-BitVector, 116.865197522944
Rust-BitVector, 3.65854654037202
Scala-BitVector, 649.395347499458
JRuby-BitVector, 15.3314815179094
perl5.20-BitString, 1.86868862555352
Octave-BitVector, 12.5639702632308
Kotlin-BitVector, 6.53844664637057
clojure-BitVector, 3483.81090606696
perl-BitString, 0.281932398310888
lua-BitString, 0.392702373741361
Python_DEAP_numpy-BitVector, 0.364213905079458
perlsimple-BitString, 11.698170074367
Dart-BitVector, 8.8280637424139
C++-BitString, 0.730190799144929
Ruby-BitVector, 7.7580741094048
Go-BitVector, 2.56714538134117
Python_DEAP-List, 0.954720864276746
C-BitString, 18.9244993683376
node-BitString, 9.38507133870438
Java-BitSet, 5750.63282896693
perl-BitVector, 1.12671575390584
Python-BitString, 0.0938766933244912
Pascal-BitVector, 4.40178426438536
PHP-BitString, 0.248336584236494
clojure-persistentvector, 8607.6042497794
perl5.22-BitString, 0.890683183572476
python-BitString, 11.7394219880259
Rust-BitVector, 1.69157590495684
CSharp-BitVector, 14.3670615294693
julia-BitString, 1
Haskell-BitVector, 451.289393965485
clisp-BitVector, 0.216284735984773
Scala-BitString, 1.44346418976017
Ruby-BitVector, 3.49566432246895
Python_DEAP-List, 0.467481770191548
Go-BitVector, 1.2227362793981
node-BitString, 4.35372622091914
C-BitString, 8.7619203117292
Java-BitSet, 74037.4156559136
Scala-BitVector, 4401.3888075352
JRuby-BitVector, 5.52291956444762
perl5.20-BitString, 0.886101548418489
clojure-BitVector, 7786.1440706359
Kotlin-BitVector, 2.9552062962764
Octave-BitVector, 84.3451450601148
perl-BitString, 0.178261998791009
lua-BitString, 0.0778367540185788
Python_DEAP_numpy-BitVector, 0.166080075783597
Dart-BitVector, 4.01624146845912
C++-BitString, 0.338378998801112
perlsimple-BitString, 132.469915816856
perl-BitVector, 1.06383700261197
PHP-BitString, 0.228098581519911
clojure-persistentvector, 159245.279614156
perl5.22-BitString, 0.818764726569496
python-BitString, 10.767507637252
CSharp-BitVector, 12.5658829228604
julia-BitString, 1
Haskell-BitVector, 176.32504942309
clisp-BitVector, 15.7141447198548
Scala-BitString, 1.32383596820128
Ruby-BitVector, 3.19557645181098
Go-BitVector, 1.1582706988968
Python_DEAP-List, 0.428103010279627
C-BitString, 8.06205241016585
node-BitString, 3.7814691899633
Java-BitSet, 3494312670.76609
Scala-BitVector, 16212.1490255921
JRuby-BitVector, 4.86443719497567
perl5.20-BitString, 0.822495763233352
clojure-BitVector, 177790.132908094
Octave-BitVector, 115.693912073804
perl-BitString, 0.166248881977163
lua-BitString, 170.805750476629
Python_DEAP_numpy-BitVector, 0.162619920693092
C++-BitString, 0.314160643926259
perlsimple-BitString, 306.729511277961
Python_DEAP_numpy-BitVector, 0.189068066626459
Dart-BitVector, 4.49779869300099
perlsimple-BitString, 80.1962261966451
C++-BitString, 0.376832671075125
lua-BitString, 0.117623831470402
perl-BitString, 0.197257131929744
clojure-BitVector, 19493.79923444
perl5.20-BitString, 1.00307611031967
Kotlin-BitVector, 3.30716305031205
Octave-BitVector, 65.3641461223195
Scala-BitVector, 2442.98552897436
JRuby-BitVector, 6.3738420476216
node-BitString, 4.84458294263388
C-BitString, 9.73789108998752
Java-BitSet, 46356.8511546991
Ruby-BitVector, 3.85146351401785
Python_DEAP-List, 0.51510349243506
Go-BitVector, 1.35433801732421
Scala-BitString, 1.58955479489489
clisp-BitVector, 0.455352866778587
Haskell-BitVector, 894.133126193358
julia-BitString, 1
python-BitString, 13.1379876944367
Rust-BitVector, 1.88692793689791
CSharp-BitVector, 20.0950617328312
PHP-BitString, 0.275174246060146
perl5.22-BitString, 0.986710839762844
clojure-persistentvector, 24647.3289464404
Python-BitString, 0.104277951101983
Pascal-BitVector, 4.84895272281783
perl-BitVector, 1.23189487780913
Go-BitVector, 9.84944489543519
Python_DEAP-List, 2.64144887937223
Ruby-BitVector, 32.168666866023
Java-BitSet, 3033.13992712533
node-BitString, 35.6732794473757
C-BitString, 78.2135368672222
JRuby-BitVector, 44.7123008377952
Scala-BitVector, 306.546626750832
Kotlin-BitVector, 28.1409679820641
perl5.20-BitString, 6.66577633273181
Octave-BitVector, 7.65259634940012
clojure-BitVector, 138.268462883188
perl-BitString, 0.431217973142932
lua-BitString, 1.77949338246278
C++-BitString, 3.11443241027393
Dart-BitVector, 37.5552463862905
perlsimple-BitString, 6.82560821409065
Python_DEAP_numpy-BitVector, 1.12156875822307
perl-BitVector, 1.63198551656895
Pascal-BitVector, 36.3114166259766
Python-BitString, 0.919367143236334
clojure-persistentvector, 288.70496526116
perl5.22-BitString, 6.63122904441281
PHP-BitString, 2.42146236172088
Rust-BitVector, 15.5302505099662
CSharp-BitVector, 520.191058191172
python-BitString, 14.6164750454766
julia-BitString, 1
Haskell-BitVector, 22414.4547073929
clisp-BitVector, 72.6228332519531
Scala-BitString, 13.1056568181913
PHP-BitString, 0.821393421363845
clojure-persistentvector, 1548.19741580255
perl5.22-BitString, 2.63180243917172
python-BitString, 12.8253905704098
CSharp-BitVector, 165.184037733896
Rust-BitVector, 5.45511124682457
perl-BitVector, 1.55799083907782
Python-BitString, 0.306059804938967
Pascal-BitVector, 14.1286765827852
Scala-BitString, 4.7491207407955
julia-BitString, 1
Haskell-BitVector, 6765.84512415067
clisp-BitVector, 19.5274391794592
node-BitString, 13.8363235311465
C-BitString, 28.1933377046645
Java-BitSet, 4306.40349814608
Ruby-BitVector, 10.8727356664322
Python_DEAP-List, 1.31499706769603
Go-BitVector, 3.76070260775253
lua-BitString, 0.652372311322586
perl-BitString, 0.332141969327331
Python_DEAP_numpy-BitVector, 0.516169500461501
Dart-BitVector, 13.3255385366304
C++-BitString, 1.0828231593183
perlsimple-BitString, 8.80362359828715
Scala-BitVector, 514.381153368834
JRuby-BitVector, 25.0040797087555
clojure-BitVector, 2497.46031781731
perl5.20-BitString, 2.64638512644637
Kotlin-BitVector, 9.94739211973757
Octave-BitVector, 10.0946687922058
clojure-persistentvector, 134.641731959062
perl5.22-BitString, 4.13602310250193
PHP-BitString, 1.36625230117221
CSharp-BitVector, 303.511317224562
Rust-BitVector, 8.94500139795173
python-BitString, 13.6628631411023
perl-BitVector, 1.59686365079446
Pascal-BitVector, 22.450057665507
Python-BitString, 0.516426747564105
Scala-BitString, 7.67512980117549
julia-BitString, 1
Haskell-BitVector, 14228.9097879974
clisp-BitVector, 42.9894721254389
Java-BitSet, 3304.25961372009
node-BitString, 22.4173634354273
C-BitString, 45.945633752402
Python_DEAP-List, 1.89868017389782
Go-BitVector, 5.98743848380782
Ruby-BitVector, 19.9881322923046
perl-BitString, 0.379442368551047
lua-BitString, 1.01554000397853
perlsimple-BitString, 7.62149928668393
Dart-BitVector, 21.5769119614663
C++-BitString, 1.77396020114105
Python_DEAP_numpy-BitVector, 0.771359773374519
JRuby-BitVector, 34.644328569008
Scala-BitVector, 214.197873154225
clojure-BitVector, 476.482099575808
perl5.20-BitString, 4.13191245377429
Kotlin-BitVector, 16.5457736969439
Octave-BitVector, 8.59292150030463
clisp-BitVector, 96.2532891167535
Haskell-BitVector, 26250.8970318419
julia-BitString, 1
Scala-BitString, 16.3320542238623
Python-BitString, 1.70190784383411
Pascal-BitVector, 57.7519734700521
perl-BitVector, 1.64933067935971
python-BitString, 15.2139023893709
Rust-BitVector, 27.8901813159067
CSharp-BitVector, 961.357898180869
PHP-BitString, 4.57308562201164
perl5.22-BitString, 10.5210821563781
clojure-persistentvector, 131.12789706888
perl5.20-BitString, 10.3091705587383
clojure-BitVector, 138.906262931195
Kotlin-BitVector, 44.7945288707759
Octave-BitVector, 7.31673608326884
Scala-BitVector, 104.819119182953
JRuby-BitVector, 30.1436025930507
Python_DEAP_numpy-BitVector, 1.59078816301378
Dart-BitVector, 60.5176291208761
perlsimple-BitString, 6.33678429372986
C++-BitString, 5.40136862450333
perl-BitString, 0.482678817434561
lua-BitString, 3.58917464047656
Ruby-BitVector, 47.0157422349286
Go-BitVector, 16.6884593715887
Python_DEAP-List, 3.54597370052244
node-BitString, 53.944013417062
C-BitString, 117.239085404085
Java-BitSet, 673.731514470077
Python_DEAP_numpy-BitVector, 5.17304344910759
perlsimple-BitString, 14.8115985848609
Dart-BitVector, 0.613530965972314
C++-BitString, 0.0172348808165746
perl-BitString, 0.00789396504949566
lua-BitString, 3.97819641296423
Kotlin-BitVector, 0.129690620254427
perl5.20-BitString, 10.3159836580401
clojure-BitVector, 0.0252064473829154
Octave-BitVector, 0.518936632896702
Scala-BitVector, 0.0281674581670543
JRuby-BitVector, 1.12524673789331
C-BitString, 0.244865564573288
node-BitString, 25.4241456541629
Java-BitSet, 49.340532191695
Ruby-BitVector, 0.711465489619646
Go-BitVector, 53.9383803467845
Python_DEAP-List, 0.51979267444041
Scala-BitString, 0.00767021324403005
Haskell-BitVector, 13.454585475554
clisp-BitVector, 0.118767740982503
julia-BitString, 1
python-BitString, 0.519523260523169
CSharp-BitVector, 4.73842164090346
PHP-BitString, 16.5076150220325
perl5.22-BitString, 0.0393354277386929
clojure-persistentvector, 4419.79016708987
Python-BitString, 4.74978501263875
Pascal-BitVector, 0.936900007313695
perl-BitVector, 0.0498786514812556
Scala-BitString, 0.0640652162668491
Haskell-BitVector, 0.0256928787071612
clisp-BitVector, 0.865994229649575
julia-BitString, 1
python-BitString, 2.9049960616209
CSharp-BitVector, 32.5965752734675
Rust-BitVector, 0.591029719364769
PHP-BitString, 11.6132542755728
perl5.22-BitString, 0.304572891897086
clojure-persistentvector, 992.171968202986
Python-BitString, 5.48120955131828
Pascal-BitVector, 6.4354196190834
perl-BitVector, 0.308858106127759
Python_DEAP_numpy-BitVector, 4.05147883127551
Dart-BitVector, 7.25541787843137
C++-BitString, 0.137730792255334
perlsimple-BitString, 9.7031308749149
lua-BitString, 3.95403822085007
perl-BitString, 0.0535630773380088
Octave-BitVector, 0.141078392744712
perl5.20-BitString, 10.1519052220668
Kotlin-BitVector, 1.05705023684896
clojure-BitVector, 0.304514010221831
Scala-BitVector, 0.220985941477424
JRuby-BitVector, 5.39711121919188
node-BitString, 6.56989259125959
C-BitString, 1.98456767549991
Java-BitSet, 60.4095329750738
Ruby-BitVector, 3.27459886300004
Go-BitVector, 58.9439080212897
Python_DEAP-List, 2.56322926673756
perl-BitVector, 0.130996320070408
Python-BitString, 6.99554894591546
Pascal-BitVector, 2.30568706012163
PHP-BitString, 13.0453201534705
clojure-persistentvector, 1582.58199639728
perl5.22-BitString, 0.107512100569188
python-BitString, 1.36006373213379
Rust-BitVector, 0.205067758992234
CSharp-BitVector, 12.5436147154967
julia-BitString, 1
clisp-BitVector, 0.312896352986473
Haskell-BitVector, 143.122937485926
Scala-BitString, 0.0217602081618199
Ruby-BitVector, 2.40592997063822
Python_DEAP-List, 1.36957548233116
Go-BitVector, 52.9579243785721
C-BitString, 0.667161782897607
node-BitString, 8.94362230416957
Java-BitSet, 96.1470673423105
Scala-BitVector, 0.0766690733845935
JRuby-BitVector, 3.21899896676417
perl5.20-BitString, 10.6137397307016
clojure-BitVector, 0.0718922815116283
Kotlin-BitVector, 0.359409839064722
Octave-BitVector, 0.185425720130635
lua-BitString, 4.07516285558625
perl-BitString, 0.0210350077279245
Python_DEAP_numpy-BitVector, 4.54473783306468
perlsimple-BitString, 12.1197186222442
Dart-BitVector, 2.48451951653561
C++-BitString, 0.0470794093496169
C-BitString, 1.11586514169819
node-BitString, 7.38502784535653
Java-BitSet, 117.361140297444
Ruby-BitVector, 2.94733742541188
Go-BitVector, 52.2806303791149
Python_DEAP-List, 1.90020010609186
Python_DEAP_numpy-BitVector, 4.24452596092172
C++-BitString, 0.0775777364301722
Dart-BitVector, 4.14210871862198
perlsimple-BitString, 10.2212931108135
perl-BitString, 0.0329059744540164
lua-BitString, 4.0257897807506
perl5.20-BitString, 10.9962701965389
clojure-BitVector, 0.168059824321336
Kotlin-BitVector, 0.590105908459816
Octave-BitVector, 0.151902994793592
Scala-BitVector, 0.126299388583731
JRuby-BitVector, 3.65156731137948
python-BitString, 1.99270512222499
CSharp-BitVector, 19.9006245020291
Rust-BitVector, 0.33614195215597
PHP-BitString, 11.653976376438
perl5.22-BitString, 0.176043552169827
clojure-persistentvector, 1012.43973130955
Python-BitString, 6.13070418795319
Pascal-BitVector, 3.98436579211005
perl-BitVector, 0.202155080104559
Scala-BitString, 0.0363538428140336
clisp-BitVector, 0.511268176863679
Haskell-BitVector, 277.223147723588
julia-BitString, 1
julia-BitString, 1
clisp-BitVector, 1.53801944993791
Haskell-BitVector, 0.0696747614103792
Scala-BitString, 0.12615140598911
perl-BitVector, 0.486163493869398
Python-BitString, 5.44974226530984
Pascal-BitVector, 11.4838785595364
PHP-BitString, 11.9829033604502
clojure-persistentvector, 1018.65932697587
perl5.22-BitString, 0.5869483148587
python-BitString, 4.32985371092226
CSharp-BitVector, 57.014274701332
Rust-BitVector, 1.18906390768297
Scala-BitVector, 0.426378405462914
JRuby-BitVector, 7.71168549349976
perl5.20-BitString, 10.3947407257194
Octave-BitVector, 0.141836028642282
Kotlin-BitVector, 2.12506000230338
clojure-BitVector, 0.644035258155384
perl-BitString, 0.0916308253943619
lua-BitString, 4.54285318230009
Python_DEAP_numpy-BitVector, 4.22273866577712
perlsimple-BitString, 10.2109175099612
Dart-BitVector, 14.0906485393085
C++-BitString, 0.276760719880645
Ruby-BitVector, 4.23696083449693
Go-BitVector, 73.4154119412952
Python_DEAP-List, 3.47502562136721
C-BitString, 3.98876587753807
node-BitString, 6.54831704906152
Java-BitSet, 67.2320572181246
perl-BitVector, 0.0640875502402152
Python-BitString, 8.28714895157519
Pascal-BitVector, 1.17809591548783
PHP-BitString, 15.945416618046
clojure-persistentvector, 489.600210073685
perl5.22-BitString, 0.0506620264050079
python-BitString, 0.667737886721316
Rust-BitVector, 0.0962167746552332
CSharp-BitVector, 6.17019172185508
julia-BitString, 1
Haskell-BitVector, 25.6693239695808
clisp-BitVector, 0.153230452368642
Scala-BitString, 0.0101283794976144
Ruby-BitVector, 1.13577449216367
Python_DEAP-List, 0.675937973717107
Go-BitVector, 55.0717870994597
node-BitString, 16.7911979951002
C-BitString, 0.312742559315627
Java-BitSet, 56.6527709887704
Scala-BitVector, 0.0364256612049512
JRuby-BitVector, 1.48594741058523
perl5.20-BitString, 11.0630000825564
clojure-BitVector, 0.0334344396494447
Kotlin-BitVector, 0.168092024387051
Octave-BitVector, 0.339942190455639
perl-BitString, 0.0101395358712582
lua-BitString, 4.20009907750361
Python_DEAP_numpy-BitVector, 5.31822438804196
Dart-BitVector, 0.818461666791579
C++-BitString, 0.022390419571464
perlsimple-BitString, 14.5906330726937
Ruby-BitVector, 0.571410657254287
Go-BitVector, 40.4713866787765
Python_DEAP-List, 0.435277020047761
C-BitString, 0.203895777567128
node-BitString, 40.1669130446545
Java-BitSet, 43.5541166732594
perl5.20-BitString, 9.58897464152376
clojure-BitVector, 0.0206968241020343
Octave-BitVector, 0.838692987726434
Scala-BitVector, 0.0233577833470174
JRuby-BitVector, 0.889859262907462
Python_DEAP_numpy-BitVector, 4.71018486495344
C++-BitString, 0.0144322696974614
perlsimple-BitString, 14.9813955408366
perl-BitString, 0.00658261745365105
lua-BitString, 3.48906676615032
Python-BitString, 1.23010788392147
perl-BitVector, 0.0421225811443069
python-BitString, 0.426339009696512
CSharp-BitVector, 3.91227444196138
PHP-BitString, 15.9219092435168
clojure-persistentvector, 6305.31011416773
perl5.22-BitString, 0.0324189547349289
Haskell-BitVector, 6.9815828776987
clisp-BitVector, 0.0993348028733566
julia-BitString, 1
Scala-BitString, 0.00633802214656385
Python_DEAP_numpy-BitVector, 5.03746994454922
Dart-BitVector, 1.45830314684738
perlsimple-BitString, 13.4717782383061
C++-BitString, 0.0309962138126999
lua-BitString, 4.11206487925072
perl-BitString, 0.0139242465380492
clojure-BitVector, 0.0461279842091649
perl5.20-BitString, 11.0880672962463
Kotlin-BitVector, 0.233450386323538
Octave-BitVector, 0.240145799680068
Scala-BitVector, 0.0500575238856732
JRuby-BitVector, 2.34591178014024
node-BitString, 11.6008271710225
C-BitString, 0.430191424724999
Java-BitSet, 59.5256187503127
Ruby-BitVector, 1.653699565567
Python_DEAP-List, 0.923085523990173
Go-BitVector, 53.6972822632344
Scala-BitString, 0.0142109993344074
clisp-BitVector, 0.201632974423949
Haskell-BitVector, 63.1162481435008
julia-BitString, 1
python-BitString, 0.927401599534306
Rust-BitVector, 0.133196957371645
CSharp-BitVector, 8.40008965890812
PHP-BitString, 14.7775331587524
perl5.22-BitString, 0.0696512458647977
clojure-persistentvector, 1739.83815640627
Python-BitString, 4.69340936067477
Pascal-BitVector, 1.64358121854765
perl-BitVector, 0.0869586200497112
Go-BitVector, 69.9137247919441
Python_DEAP-List, 5.66152877771712
Ruby-BitVector, 5.86263136428041
Java-BitSet, 151.848223235385
node-BitString, 6.50470206603185
C-BitString, 30.7943450035348
JRuby-BitVector, 9.71580937404995
Scala-BitVector, 2.69866203228396
Kotlin-BitVector, 15.8494198457364
perl5.20-BitString, 11.1370242679639
Octave-BitVector, 0.142929549960894
clojure-BitVector, 5.22310757922529
perl-BitString, 0.242868500675808
lua-BitString, 6.67517703858904
C++-BitString, 2.01421199987271
Dart-BitVector, 63.730571529285
perlsimple-BitString, 10.9822470216666
Python_DEAP_numpy-BitVector, 4.27095793680328
perl-BitVector, 0.919158987379125
Pascal-BitVector, 34.0852340062459
Python-BitString, 5.44942322037559
clojure-persistentvector, 162.603013829848
perl5.22-BitString, 3.73480874165834
PHP-BitString, 12.1811300927306
Rust-BitVector, 8.74687255956513
CSharp-BitVector, 146.904337234384
python-BitString, 8.23222036314246
julia-BitString, 1
Haskell-BitVector, 0.78350375615457
clisp-BitVector, 4.7783038326513
Scala-BitString, 0.942680898095286
PHP-BitString, 11.9674272965895
clojure-persistentvector, 653.72721689229
perl5.22-BitString, 1.11128003858488
python-BitString, 5.41552827667289
CSharp-BitVector, 83.7670709418215
Rust-BitVector, 2.30342374740101
perl-BitVector, 0.657862495298162
Python-BitString, 5.4911479296461
Pascal-BitVector, 20.2838611602783
Scala-BitString, 0.251340985767238
julia-BitString, 1
Haskell-BitVector, 0.168789204276097
clisp-BitVector, 2.48576729905372
node-BitString, 6.46331838108071
C-BitString, 7.81320486894893
Java-BitSet, 90.5818811966925
Ruby-BitVector, 4.95521600303735
Python_DEAP-List, 4.2971004669725
Go-BitVector, 74.9791301987216
lua-BitString, 5.18040126683139
perl-BitString, 0.140247130634129
Python_DEAP_numpy-BitVector, 4.20488510499397
Dart-BitVector, 24.527632059153
C++-BitString, 0.530039279207453
perlsimple-BitString, 10.462501630085
Scala-BitVector, 0.796229180709883
JRuby-BitVector, 8.80778446395224
clojure-BitVector, 1.34302047400382
perl5.20-BitString, 10.4970456339352
Kotlin-BitVector, 4.20029183578078
Octave-BitVector, 0.140482852928727
clojure-persistentvector, 67.7177157827894
perl5.22-BitString, 2.08020227347815
PHP-BitString, 12.0813066893424
CSharp-BitVector, 124.804472075298
Rust-BitVector, 4.4988656453656
python-BitString, 6.87170217960079
perl-BitVector, 0.803138501525258
Pascal-BitVector, 25.4051983356476
Python-BitString, 5.4845074582993
Scala-BitString, 0.486541319295871
julia-BitString, 1
Haskell-BitVector, 0.367819728993286
clisp-BitVector, 3.64232234202833
Java-BitSet, 144.334473488072
node-BitString, 6.44725832020948
C-BitString, 15.5609514344369
Python_DEAP-List, 4.98060575213766
Go-BitVector, 75.0844145142983
Ruby-BitVector, 5.43995413207972
perl-BitString, 0.190839571770368
lua-BitString, 5.37442978932899
perlsimple-BitString, 10.883782983923
Dart-BitVector, 39.8013447213655
C++-BitString, 1.04342676399138
Python_DEAP_numpy-BitVector, 4.29205302061497
JRuby-BitVector, 9.05291759108572
Scala-BitVector, 1.4095459806502
clojure-BitVector, 2.78111522404279
perl5.20-BitString, 10.9659965406544
Kotlin-BitVector, 8.32165469289021
Octave-BitVector, 0.141694686090005
clisp-BitVector, 5.48838662064594
Haskell-BitVector, 1.39906476912836
julia-BitString, 1
Scala-BitString, 1.3567079427811
Python-BitString, 5.26129319377131
Pascal-BitVector, 33.6621046066284
perl-BitVector, 0.96135142270625
python-BitString, 8.86778308920664
Rust-BitVector, 16.2564522828078
CSharp-BitVector, 166.831285633855
PHP-BitString, 11.8824372659308
perl5.22-BitString, 6.13246174707061
clojure-persistentvector, 76.4309983323563
perl5.20-BitString, 11.1514387106621
clojure-BitVector, 5.17348396222319
Kotlin-BitVector, 26.1095513460613
Octave-BitVector, 0.139745650339006
Scala-BitVector, 3.6576513920512
JRuby-BitVector, 3.34244050558998
Python_DEAP_numpy-BitVector, 4.22314235256247
Dart-BitVector, 63.1954404379757
perlsimple-BitString, 10.8567588526705
C++-BitString, 3.61815462792036
perl-BitString, 0.281340772749722
lua-BitString, 7.29290497861555
Ruby-BitVector, 6.2553288653631
Go-BitVector, 65.0172163296743
Python_DEAP-List, 6.06961857313892
node-BitString, 6.27998606573797
C-BitString, 43.8422826343168
Java-BitSet, 52.014634379444
